vardenis1,pavardenis1,+37061234567890,pastas@gmail.com
vardenis2,pavardenis2,+37061234567890,pastas@gmail.com
vardenis3,pavardenis3,+37061234567890,pastas@gmail.com
vardenis4,pavardenis4,+37061234567890,pastas@gmail.com
vardenis5,pavardenis5,+37061234567890,pastas@gmail.com
vardenis6,pavardenis6,+37061234567890,pastas@gmail.com
vardenis7,pavardenis7,+37061234567890,pastas@gmail.com
vardenis8,pavardenis8,+37061234567890,pastas@gmail.com
vardenis9,pavardenis9,+37061234567890,pastas@gmail.com
vardenis10,pavardenis10,+37061234567890,pastas10@gmail.com
vardenis11,pavardenis11,+37061234567890,pastas@gmail.com
vardenis12,pavardenis12,+37061234567890,pastas@gmail.com
vardenis13,pavardenis13,+37061234567890,pastas@gmail.com
vardenis14,pavardenis14,+37061234567890,pastas@gmail.com
vardenis15,pavardenis15,+37061234567890,pastas@gmail.com